type,user,time,risk,details
After-Hours Login,,2025-07-26 03:30:39,High,Suspicious login at 3:00
After-Hours Login,,2025-07-26 03:30:39,High,Suspicious login at 3:00
After-Hours Login,,2025-07-26 03:30:39,High,Suspicious login at 3:00
After-Hours Login,,2025-07-26 03:30:39,High,Suspicious login at 3:00
After-Hours Login,,2025-07-26 03:30:39,High,Suspicious login at 3:00
After-Hours Login,,2025-07-26 03:30:39,High,Suspicious login at 3:00
After-Hours Login,,2025-07-26 03:30:39,High,Suspicious login at 3:00
After-Hours Login,,2025-07-26 03:30:39,High,Suspicious login at 3:00
After-Hours Login,,2025-07-26 03:30:39,High,Suspicious login at 3:00
After-Hours Login,,2025-07-26 03:30:39,High,Suspicious login at 3:00
After-Hours Login,,2025-07-26 03:30:39,High,Suspicious login at 3:00
After-Hours Login,,2025-07-26 03:30:39,High,Suspicious login at 3:00
After-Hours Login,,2025-07-26 03:30:39,High,Suspicious login at 3:00
After-Hours Login,,2025-07-26 03:30:39,High,Suspicious login at 3:00
After-Hours Login,,2025-07-26 03:30:39,High,Suspicious login at 3:00
After-Hours Login,,2025-07-26 03:30:39,High,Suspicious login at 3:00
After-Hours Login,,2025-07-26 03:30:39,High,Suspicious login at 3:00
After-Hours Login,,2025-07-26 03:30:39,High,Suspicious login at 3:00
After-Hours Login,,2025-07-26 03:30:39,High,Suspicious login at 3:00
After-Hours Login,,2025-07-26 03:30:39,High,Suspicious login at 3:00
After-Hours Login,,2025-07-26 03:30:39,High,Suspicious login at 3:00
After-Hours Login,,2025-07-26 03:30:40,High,Suspicious login at 3:00
After-Hours Login,,2025-07-26 03:30:40,High,Suspicious login at 3:00
After-Hours Login,,2025-07-26 03:30:40,High,Suspicious login at 3:00
After-Hours Login,,2025-07-26 03:30:40,High,Suspicious login at 3:00
After-Hours Login,,2025-07-26 03:30:40,High,Suspicious login at 3:00
After-Hours Login,,2025-07-26 03:30:40,High,Suspicious login at 3:00
After-Hours Login,,2025-07-26 03:30:40,High,Suspicious login at 3:00
After-Hours Login,,2025-07-26 03:30:40,High,Suspicious login at 3:00
After-Hours Login,,2025-07-26 03:30:40,High,Suspicious login at 3:00
After-Hours Login,,2025-07-26 03:30:40,High,Suspicious login at 3:00
After-Hours Login,,2025-07-26 03:30:40,High,Suspicious login at 3:00
After-Hours Login,,2025-07-26 03:30:40,High,Suspicious login at 3:00
After-Hours Login,,2025-07-26 03:30:41,High,Suspicious login at 3:00
After-Hours Login,,2025-07-26 03:30:41,High,Suspicious login at 3:00
After-Hours Login,,2025-07-26 03:30:41,High,Suspicious login at 3:00
After-Hours Login,,2025-07-26 03:30:41,High,Suspicious login at 3:00
After-Hours Login,,2025-07-26 03:30:41,High,Suspicious login at 3:00
After-Hours Login,,2025-07-26 03:30:41,High,Suspicious login at 3:00
After-Hours Login,,2025-07-26 03:30:41,High,Suspicious login at 3:00
After-Hours Login,,2025-07-26 03:30:41,High,Suspicious login at 3:00
After-Hours Login,,2025-07-26 03:30:41,High,Suspicious login at 3:00
After-Hours Login,,2025-07-26 03:30:42,High,Suspicious login at 3:00
After-Hours Login,,2025-07-26 03:30:42,High,Suspicious login at 3:00
After-Hours Login,,2025-07-26 03:30:43,High,Suspicious login at 3:00
After-Hours Login,,2025-07-26 03:30:43,High,Suspicious login at 3:00
After-Hours Login,,2025-07-26 03:30:43,High,Suspicious login at 3:00
After-Hours Login,,2025-07-26 03:30:43,High,Suspicious login at 3:00
After-Hours Login,,2025-07-26 03:30:44,High,Suspicious login at 3:00
After-Hours Login,,2025-07-26 03:30:44,High,Suspicious login at 3:00
After-Hours Login,,2025-07-26 03:30:44,High,Suspicious login at 3:00
After-Hours Login,,2025-07-26 03:30:45,High,Suspicious login at 3:00
After-Hours Login,,2025-07-26 03:30:45,High,Suspicious login at 3:00
After-Hours Login,,2025-07-26 03:30:45,High,Suspicious login at 3:00
After-Hours Login,,2025-07-26 03:30:45,High,Suspicious login at 3:00
After-Hours Login,,2025-07-26 03:30:45,High,Suspicious login at 3:00
After-Hours Login,,2025-07-26 03:30:46,High,Suspicious login at 3:00
After-Hours Login,,2025-07-26 03:30:46,High,Suspicious login at 3:00
After-Hours Login,,2025-07-26 03:30:47,High,Suspicious login at 3:00
After-Hours Login,,2025-07-26 03:30:47,High,Suspicious login at 3:00
After-Hours Login,,2025-07-26 03:30:48,High,Suspicious login at 3:00
After-Hours Login,,2025-07-26 03:30:48,High,Suspicious login at 3:00
After-Hours Login,,2025-07-26 03:30:54,High,Suspicious login at 3:00
After-Hours Login,,2025-07-26 03:31:01,High,Suspicious login at 3:00
After-Hours Login,,2025-07-26 03:31:01,High,Suspicious login at 3:00
After-Hours Login,,2025-07-26 03:31:01,High,Suspicious login at 3:00
After-Hours Login,,2025-07-26 03:31:01,High,Suspicious login at 3:00
After-Hours Login,,2025-07-26 03:31:09,High,Suspicious login at 3:00
After-Hours Login,,2025-07-26 03:31:25,High,Suspicious login at 3:00
After-Hours Login,,2025-07-26 03:31:27,High,Suspicious login at 3:00
After-Hours Login,,2025-07-26 03:31:46,High,Suspicious login at 3:00
After-Hours Login,,2025-07-26 03:32:00,High,Suspicious login at 3:00
After-Hours Login,,2025-07-26 03:32:32,High,Suspicious login at 3:00
After-Hours Login,,2025-07-26 03:32:45,High,Suspicious login at 3:00
After-Hours Login,,2025-07-26 03:32:45,High,Suspicious login at 3:00
After-Hours Login,,2025-07-26 03:32:46,High,Suspicious login at 3:00
After-Hours Login,,2025-07-26 03:34:39,High,Suspicious login at 3:00
After-Hours Login,,2025-07-26 03:34:40,High,Suspicious login at 3:00
After-Hours Login,,2025-07-26 03:34:41,High,Suspicious login at 3:00
After-Hours Login,,2025-07-26 03:35:45,High,Suspicious login at 3:00
After-Hours Login,,2025-07-26 03:40:36,High,Suspicious login at 3:00
After-Hours Login,,2025-07-26 03:41:01,High,Suspicious login at 3:00
After-Hours Login,,2025-07-26 03:41:29,High,Suspicious login at 3:00
After-Hours Login,,2025-07-26 03:41:29,High,Suspicious login at 3:00
After-Hours Login,,2025-07-26 03:45:39,High,Suspicious login at 3:00
After-Hours Login,,2025-07-26 03:45:44,High,Suspicious login at 3:00
After-Hours Login,,2025-07-26 03:45:56,High,Suspicious login at 3:00
After-Hours Login,,2025-07-26 03:47:30,High,Suspicious login at 3:00
After-Hours Login,,2025-07-26 03:47:58,High,Suspicious login at 3:00
After-Hours Login,,2025-07-26 04:00:55,High,Suspicious login at 4:00
After-Hours Login,,2025-07-26 04:05:48,High,Suspicious login at 4:00
After-Hours Login,,2025-07-26 04:11:46,High,Suspicious login at 4:00
After-Hours Login,,2025-07-26 04:15:55,High,Suspicious login at 4:00
After-Hours Login,,2025-07-26 04:26:32,High,Suspicious login at 4:00
After-Hours Login,,2025-07-26 04:27:29,High,Suspicious login at 4:00
After-Hours Login,,2025-07-26 04:28:36,High,Suspicious login at 4:00
After-Hours Login,,2025-07-26 04:28:36,High,Suspicious login at 4:00
After-Hours Login,,2025-07-26 04:28:43,High,Suspicious login at 4:00
After-Hours Login,,2025-07-26 04:33:37,High,Suspicious login at 4:00
After-Hours Login,,2025-07-26 04:35:45,High,Suspicious login at 4:00
After-Hours Login,,2025-07-26 04:40:50,High,Suspicious login at 4:00
After-Hours Login,,2025-07-26 04:43:43,High,Suspicious login at 4:00
After-Hours Login,,2025-07-26 04:50:50,High,Suspicious login at 4:00
After-Hours Login,,2025-07-26 04:58:43,High,Suspicious login at 4:00
After-Hours Login,,2025-07-26 04:58:59,High,Suspicious login at 4:00
After-Hours Login,,2025-07-26 04:59:02,High,Suspicious login at 4:00
After-Hours Login,,2025-07-26 04:59:02,High,Suspicious login at 4:00
After-Hours Login,,2025-07-26 04:59:02,High,Suspicious login at 4:00
After-Hours Login,,2025-07-26 04:59:03,High,Suspicious login at 4:00
After-Hours Login,,2025-07-26 05:48:48,High,Suspicious login at 5:00
After-Hours Login,,2025-07-26 05:49:11,High,Suspicious login at 5:00
After-Hours Login,,2025-07-26 05:49:11,High,Suspicious login at 5:00
After-Hours Login,,2025-07-26 05:49:11,High,Suspicious login at 5:00
After-Hours Login,,2025-07-26 05:49:11,High,Suspicious login at 5:00
After-Hours Login,,2025-07-26 05:49:11,High,Suspicious login at 5:00
After-Hours Login,,2025-07-26 05:58:35,High,Suspicious login at 5:00
After-Hours Login,,2025-07-26 05:58:35,High,Suspicious login at 5:00
After-Hours Login,,2025-07-26 05:58:36,High,Suspicious login at 5:00
After-Hours Login,,2025-07-30 04:46:14,High,Suspicious login at 4:00
After-Hours Login,,2025-07-30 04:46:14,High,Suspicious login at 4:00
After-Hours Login,,2025-07-30 04:46:26,High,Suspicious login at 4:00
After-Hours Login,,2025-07-30 04:46:28,High,Suspicious login at 4:00
After-Hours Login,,2025-07-30 04:46:55,High,Suspicious login at 4:00
After-Hours Login,,2025-07-30 04:46:55,High,Suspicious login at 4:00
After-Hours Login,,2025-07-30 04:46:55,High,Suspicious login at 4:00
After-Hours Login,,2025-07-30 04:46:56,High,Suspicious login at 4:00
After-Hours Login,,2025-07-30 04:46:56,High,Suspicious login at 4:00
After-Hours Login,,2025-07-30 04:47:14,High,Suspicious login at 4:00
After-Hours Login,,2025-07-30 04:47:39,High,Suspicious login at 4:00
After-Hours Login,,2025-07-30 04:48:08,High,Suspicious login at 4:00
After-Hours Login,,2025-07-30 04:48:09,High,Suspicious login at 4:00
After-Hours Login,,2025-07-30 04:48:18,High,Suspicious login at 4:00
After-Hours Login,,2025-07-30 04:48:49,High,Suspicious login at 4:00
After-Hours Login,,2025-07-30 04:49:28,High,Suspicious login at 4:00
After-Hours Login,,2025-07-30 04:50:20,High,Suspicious login at 4:00
After-Hours Login,,2025-07-30 04:50:20,High,Suspicious login at 4:00
After-Hours Login,,2025-07-30 04:51:15,High,Suspicious login at 4:00
After-Hours Login,,2025-07-30 04:52:12,High,Suspicious login at 4:00
After-Hours Login,,2025-07-30 04:52:13,High,Suspicious login at 4:00
After-Hours Login,,2025-07-30 04:52:35,High,Suspicious login at 4:00
After-Hours Login,,2025-07-30 04:52:36,High,Suspicious login at 4:00
After-Hours Login,,2025-07-30 04:58:40,High,Suspicious login at 4:00
After-Hours Login,,2025-07-30 04:59:49,High,Suspicious login at 4:00
After-Hours Login,,2025-07-30 05:00:16,High,Suspicious login at 5:00
After-Hours Login,,2025-07-30 05:00:54,High,Suspicious login at 5:00
After-Hours Login,,2025-07-30 05:25:08,High,Suspicious login at 5:00
After-Hours Login,,2025-07-30 05:25:11,High,Suspicious login at 5:00
After-Hours Login,,2025-07-30 05:25:14,High,Suspicious login at 5:00
After-Hours Login,,2025-07-30 05:25:51,High,Suspicious login at 5:00
After-Hours Login,,2025-07-30 05:25:51,High,Suspicious login at 5:00
After-Hours Login,,2025-07-30 05:25:51,High,Suspicious login at 5:00
After-Hours Login,,2025-07-30 05:25:51,High,Suspicious login at 5:00
After-Hours Login,,2025-07-30 05:25:51,High,Suspicious login at 5:00
After-Hours Login,,2025-07-30 05:40:39,High,Suspicious login at 5:00
After-Hours Login,,2025-07-30 05:40:41,High,Suspicious login at 5:00
After-Hours Login,,2025-07-30 05:40:58,High,Suspicious login at 5:00
After-Hours Login,,2025-07-30 05:45:39,High,Suspicious login at 5:00
After-Hours Login,,2025-07-30 05:46:16,High,Suspicious login at 5:00
After-Hours Login,,2025-07-30 05:46:18,High,Suspicious login at 5:00
After-Hours Login,,2025-07-30 05:48:01,High,Suspicious login at 5:00
After-Hours Login,,2025-07-30 05:48:01,High,Suspicious login at 5:00
After-Hours Login,,2025-07-30 05:48:04,High,Suspicious login at 5:00
After-Hours Login,,2025-07-30 05:48:14,High,Suspicious login at 5:00
After-Hours Login,,2025-07-30 05:49:12,High,Suspicious login at 5:00
After-Hours Login,,2025-07-30 05:51:50,High,Suspicious login at 5:00
After-Hours Login,,2025-07-30 05:51:52,High,Suspicious login at 5:00
After-Hours Login,,2025-07-30 05:54:41,High,Suspicious login at 5:00
After-Hours Login,,2025-07-30 05:54:47,High,Suspicious login at 5:00
After-Hours Login,,2025-07-30 05:54:47,High,Suspicious login at 5:00
After-Hours Login,,2025-07-30 05:54:47,High,Suspicious login at 5:00
After-Hours Login,,2025-07-30 05:54:47,High,Suspicious login at 5:00
After-Hours Login,,2025-07-30 05:54:47,High,Suspicious login at 5:00
After-Hours Login,,2025-07-30 05:55:58,High,Suspicious login at 5:00
